{"cameraMode":{"drawMode":0,"name":"Shaded","section":"Shading Mode"},"sceneLighting":true,"audioPlay":false,"sceneViewState":{"m_AlwaysRefresh":false,"showFog":true,"showSkybox":true,"showFlares":true,"showImageEffects":true,"showParticleSystems":true,"showVisualEffectGraphs":true,"m_FxEnabled":true},"in2DMode":false,"pivot":{"x":2123.292724609375,"y":497.4095764160156,"z":299.82000732421877},"rotation":{"x":0.08151071518659592,"y":0.9107542634010315,"z":-0.21739907562732697,"w":0.3415690064430237},"size":1.2247450351715088,"orthographic":false}